PERSON_ID,FULL_NAME,DRAFT_YEAR
1630173,Precious Achiuwa,2020.0
203500,Steven Adams,2013.0
1628389,Bam Adebayo,2017.0
1630534,Ochai Agbaji,2022.0
1630583,Santi Aldama,2021.0
1641725,Trey Alexander,
1629638,Nickeil Alexander-Walker,2019.0
1628960,Grayson Allen,2018.0
1628386,Jarrett Allen,2017.0
1630631,Jose Alvarado,
203937,Kyle Anderson,2014.0
203507,Giannis Antetokounmpo,2013.0
1630175,Cole Anthony,2020.0
1628384,OG Anunoby,2017.0
1630166,Deni Avdija,2020.0
1629028,Deandre Ayton,2018.0
1630542,Marcus Bagley,
1628963,Marvin Bagley III,2018.0
1631116,Patrick Baldwin Jr.,2022.0
1630163,LaMelo Ball,2020.0
1628366,Lonzo Ball,2017.0
1628964,Mo Bamba,2018.0
1631094,Paolo Banchero,2022.0
1630217,Desmond Bane,2020.0
1630625,Dalano Banton,2021.0
1631230,Dominick Barlow,
203084,Harrison Barnes,2012.0
1630567,Scottie Barnes,2021.0
1629628,RJ Barrett,2019.0
1629646,Charles Bassey,2021.0
1641734,Emoni Bates,2023.0
1642419,Jamison Battle,
201587,Nicolas Batum,2008.0
1641878,Damion Baugh,
203078,Bradley Beal,2012.0
1627736,Malik Beasley,2016.0
1630699,MarJon Beauchamp,2022.0
1641736,Reece Beekman,
1629048,Goga Bitadze,2019.0
202687,Bismack Biyombo,2011.0
1641710,Anthony Black,2023.0
203992,Bogdan Bogdanović,2014.0
1629626,Bol Bol,2019.0
1641737,Adem Bona,2024.0
1626164,Devin Booker,2015.0
1630527,Brandon Boston,2021.0
1628449,Chris Boucher,
1631123,Jamaree Bouyea,
1628396,Tony Bradley,2017.0
1631103,Malaki Branham,2022.0
1631128,Christian Braun,2022.0
1641779,Jalen Bridges,
1628969,Mikal Bridges,2018.0
1628970,Miles Bridges,2018.0
1629052,Oshae Brissett,
1627763,Malcolm Brogdon,2016.0
1628415,Dillon Brooks,2017.0
1631232,Keion Brooks Jr.,
1628971,Bruce Brown,2018.0
1627759,Jaylen Brown,2016.0
1641738,Kobe Brown,2023.0
1629650,Moses Brown,
1628973,Jalen Brunson,2018.0
1628418,Thomas Bryant,2017.0
1641723,Kobe Bufkin,2023.0
202692,Alec Burks,2011.0
1630215,Jared Butler,2021.0
202710,Jimmy Butler III,2011.0
1641824,Matas Buzelis,2024.0
1631288,Jamal Cain,
203484,Kentavious Caldwell-Pope,2013.0
1641739,Toumani Camara,2023.0
203991,Clint Capela,2014.0
1642382,Branden Carlson,
1642267,Bub Carrington,2024.0
1642269,Devin Carter,2024.0
1628975,Jevon Carter,2018.0
1628976,Wendell Carter Jr.,2018.0
1630618,DJ Carton,
1627936,Alex Caruso,
1642264,Stephon Castle,2024.0
1630658,Colin Castleton,
1630577,Julian Champagnie,
1630551,Justin Champagnie,
1642279,Ulrich Chomche,2024.0
1642353,Cam Christie,2024.0
1631108,Max Christie,2022.0
1630528,Josh Christopher,2021.0
1631321,Sidy Cissoko,2023.0
1641740,Jaylen Clark,2023.0
1629634,Brandon Clarke,2019.0
203903,Jordan Clarkson,2014.0
1629651,Nic Claxton,2019.0
1642270,Donovan Clingan,2024.0
1641730,Noah Clowney,2023.0
1629599,Amir Coffey,
1642268,Isaiah Collier,2024.0
1628381,John Collins,2017.0
1641879,Yuri Collins,
1628380,Zach Collins,2017.0
201144,Mike Conley,2007.0
1626192,Pat Connaughton,2015.0
1641731,Bilal Coulibaly,2023.0
1641741,Ricky Council IV,
1628470,Torrey Craig,
1642384,Isaiah Crawford,
203109,Jae Crowder,2012.0
1630595,Cade Cunningham,2021.0
203552,Seth Curry,
201939,Stephen Curry,2009.0
1642359,Pacôme Dadiet,2024.0
1630700,Dyson Daniels,2022.0
1642368,N'Faly Dante,
203076,Anthony Davis,2012.0
1631098,Johnny Davis,2022.0
1629056,Terence Davis,
1631120,JD Davison,2022.0
201942,DeMar DeRozan,2009.0
1642484,RayJ Dennis,
1628978,Donte DiVincenzo,2018.0
1631217,Moussa Diabaté,2022.0
1641711,Gradey Dick,2023.0
1631172,Ousmane Dieng,2022.0
1642265,Rob Dillingham,2024.0
203915,Spencer Dinwiddie,2014.0
1629029,Luka Dončić,2018.0
1629652,Luguentz Dort,
1630245,Ayo Dosunmu,2021.0
1630288,Jeff Dowtin Jr.,
1628408,PJ Dozier,
203083,Andre Drummond,2012.0
1630537,Chris Duarte,2021.0
1642505,Alex Ducas,
1630561,David Duke Jr.,
1627739,Kris Dunn,2016.0
1642346,Ryan Dunn,2024.0
201142,Kevin Durant,2007.0
1631105,Jalen Duren,2022.0
1631106,Tari Eason,2022.0
1641744,Zach Edey,2024.0
1630162,Anthony Edwards,2020.0
1642399,Jesse Edwards,
1642348,Justin Edwards,
1630556,Kessler Edwards,2021.0
1631165,Keon Ellis,
203954,Joel Embiid,2014.0
1630623,Tyson Etienne,
1629234,Drew Eubanks,
1641787,Tosan Evbuomwan,
203957,Danté Exum,2014.0
1628981,Bruno Fernando,2019.0
1642271,Kyle Filipowski,2024.0
1627827,Dorian Finney-Smith,
1641745,Adam Flagler,
1642280,Trentyn Flowers,
1630201,Malachi Flynn,2020.0
1631323,Simone Fontecchio,
1628368,De'Aaron Fox,2017.0
1642402,Enrique Freeman,2024.0
1628365,Markelle Fultz,2017.0
1642277,Johnny Furphy,2024.0
1629655,Daniel Gafford,2019.0
1629636,Darius Garland,2019.0
1630585,Marcus Garrett,
1630568,Luka Garza,2021.0
1641718,Keyonte George,2023.0
1642273,Kyshawn George,2024.0
202331,Paul George,2010.0
201959,Taj Gibson,2009.0
1630581,Josh Giddey,2021.0
1628983,Shai Gilgeous-Alexander,2018.0
1630264,Anthony Gill,
1631221,Collin Gillespie,
203497,Rudy Gobert,2013.0
1630692,Jordan Goodwin,
203932,Aaron Gordon,2014.0
201569,Eric Gordon,2008.0
1641789,Jazian Gortman,
203924,Jerami Grant,2014.0
1631260,AJ Green,
203110,Draymond Green,2012.0
1630224,Jalen Green,2021.0
1629750,Javonte Green,
201145,Jeff Green,2007.0
1630182,Josh Green,2020.0
1629656,Quentin Grimes,2021.0
1631243,Mouhamed Gueye,2023.0
1629060,Rui Hachimura,2019.0
1630169,Tyrese Haliburton,2020.0
1641790,PJ Hall,
203501,Tim Hardaway Jr.,2013.0
201935,James Harden,2009.0
1630702,Jaden Hardy,2022.0
1641989,Elijah Harkless,
1631199,Ron Harper Jr.,
203914,Gary Harris,2014.0
202699,Tobias Harris,2011.0
1628404,Josh Hart,2017.0
1628392,Isaiah Hartenstein,2017.0
1630573,Sam Hauser,
1641722,Jordan Hawkins,2023.0
1629637,Jaxson Hayes,2019.0
1630165,Killian Hayes,2020.0
1630703,Scoot Henderson,2023.0
1641707,Taylor Hendricks,2023.0
1629639,Tyler Herro,2019.0
1627741,Buddy Hield,2016.0
1629312,Haywood Highsmith,2018.0
1628988,Aaron Holiday,2018.0
201950,Jrue Holiday,2009.0
1641842,Ronald Holland II,2024.0
1626158,Richaun Holmes,2015.0
1631096,Chet Holmgren,2022.0
1641720,Jalen Hood-Schifino,2023.0
201143,Al Horford,2007.0
1629659,Talen Horton-Tucker,2019.0
1631216,Caleb Houstan,2022.0
1641724,Jett Howard,2023.0
1628989,Kevin Huerter,2018.0
1630643,Jay Huff,
1630574,Ariel Hukporti,2024.0
1629631,De'Andre Hunter,2019.0
1630538,Bones Hyland,2021.0
1642345,Oso Ighodaro,2024.0
204060,Joe Ingles,
1627742,Brandon Ingram,2016.0
1631127,Harrison Ingram,2024.0
202681,Kyrie Irving,2011.0
1628371,Jonathan Isaac,2017.0
1631093,Jaden Ivey,2022.0
1641713,GG Jackson,2023.0
1630543,Isaiah Jackson,2021.0
1631245,Quenton Jackson,
202704,Reggie Jackson,2011.0
1641748,Andre Jackson Jr.,2023.0
1628991,Jaren Jackson Jr.,2018.0
1631218,Trayce Jackson-Davis,2023.0
1642355,Bronny James,2024.0
2544,LeBron James,2003.0
1631170,Jaime Jaquez Jr.,2023.0
1629610,DaQuan Jeffries,
1641998,Trey Jemison III,
1642450,Daniss Jenkins,
1629660,Ty Jerome,2019.0
1630198,Isaiah Joe,2020.0
1642358,AJ Johnson,2024.0
1629661,Cameron Johnson,2019.0
1630552,Jalen Johnson,2021.0
201949,James Johnson,2009.0
1629640,Keldon Johnson,2019.0
1630553,Keon Johnson,2021.0
1642352,Keshad Johnson,
203999,Nikola Jokić,2014.0
1641732,Colby Jones,2023.0
1641794,Dillon Jones,2024.0
1630529,Herbert Jones,2021.0
1642403,Isaac Jones,
1630539,Kai Jones,2021.0
1630222,Mason Jones,
1642461,Spencer Jones,
1630200,Tre Jones,2020.0
1626145,Tyus Jones,2015.0
1627884,Derrick Jones Jr.,
201599,DeAndre Jordan,2008.0
202709,Cory Joseph,2011.0
1631107,Nikola Jović,2022.0
1630548,Johnny Juzang,
1642530,Yuki Kawamura,
1630283,Kylor Kelley,
1628379,Luke Kennard,2017.0
1631117,Walker Kessler,2022.0
1630296,Braxton Key,
1630557,Corey Kispert,2021.0
1628467,Maxi Kleber,
1641752,Bobi Klintman,2024.0
1642261,Dalton Knecht,2024.0
1628995,Kevin Knox II,2018.0
1642278,Tyler Kolek,2024.0
1631132,Christian Koloko,2022.0
1629723,John Konchar,
1628436,Luke Kornet,
1630249,Vít Krejčí,2020.0
1630228,Jonathan Kuminga,2021.0
1628398,Kyle Kuzma,2017.0
1631222,Jake LaRavia,2022.0
203897,Zach LaVine,2014.0
1627746,Skal Labissiere,2016.0
1629111,Jock Landale,
1641796,Pelle Larsson,2024.0
1630639,A.J. Lawson,
1627747,Caris LeVert,2016.0
1627814,Damion Lee,
203458,Alex Len,2013.0
202695,Kawhi Leonard,2011.0
1642502,Malevy Leons,
1641721,Maxwell Lewis,2023.0
1630604,E.J. Liddell,2022.0
203081,Damian Lillard,2012.0
1641726,Dereck Lively II,2023.0
1641753,Chris Livingston,2023.0
1626172,Kevon Looney,2015.0
201572,Brook Lopez,2008.0
201567,Kevin Love,2008.0
200768,Kyle Lowry,2006.0
1641754,Seth Lundy,2023.0
1626168,Trey Lyles,2015.0
1630572,Sandro Mamukelashvili,2021.0
1629611,Terance Mann,2019.0
1630544,Tre Mann,2021.0
1628374,Lauri Markkanen,2017.0
1630230,Naji Marshall,
1628997,Caleb Martin,
1628998,Cody Martin,2019.0
1641798,Jaylen Martin,
1630231,KJ Martin,2020.0
1631213,Tyrese Martin,2022.0
1629726,Garrison Mathews,
1631097,Bennedict Mathurin,2022.0
1631255,Karlo Matković,2022.0
1630178,Tyrese Maxey,2020.0
1630540,Miles McBride,2021.0
1642272,Jared McCain,2024.0
1630644,Mac McClung,
203468,CJ McCollum,2013.0
204456,T.J. McConnell,2015.0
1641755,Kevin McCullar Jr.,2024.0
1630183,Jaden McDaniels,2020.0
1629667,Jalen McDaniels,2019.0
203926,Doug McDermott,2014.0
1631121,Bryce McGowens,2022.0
1629162,Jordan McLaughlin,
1629098,Jack McVeigh,
1629001,De'Anthony Melton,2018.0
1630241,Sam Merrill,2020.0
203995,Vasilije Micic,2014.0
203114,Khris Middleton,2012.0
1641706,Brandon Miller,2023.0
1641801,Emanuel Miller,
1641757,Jordan Miller,2023.0
1631159,Leonard Miller,2023.0
201988,Patty Mills,2009.0
1629003,Shake Milton,2018.0
1631303,Justin Minaya,
1642434,Riley Minix,
1631169,Josh Minott,2022.0
1642274,Yves Missi,2024.0
1642349,Ajay Mitchell,2024.0
1630558,Davion Mitchell,2021.0
1628378,Donovan Mitchell,2017.0
1630596,Evan Mobley,2021.0
1630600,Isaiah Mobley,2022.0
1642367,Jonathan Mogbo,2024.0
1628370,Malik Monk,2017.0
1630541,Moses Moody,2021.0
1631386,Taze Moore,
1631111,Wendell Moore Jr.,2022.0
1629630,Ja Morant,2019.0
202693,Markieff Morris,2011.0
1628420,Monté Morris,2017.0
1630530,Trey Murphy III,2021.0
1627749,Dejounte Murray,2016.0
1627750,Jamal Murray,2016.0
1631099,Keegan Murray,2022.0
1631200,Kris Murray,2023.0
1629004,Svi Mykhailiuk,2018.0
1631250,Pete Nance,
1626204,Larry Nance Jr.,2015.0
1629614,Andrew Nembhard,2022.0
1630174,Aaron Nesmith,2020.0
1641803,Tristen Newton,2024.0
1627777,Georges Niang,2016.0
1630227,Daishen Nix,
1630192,Zeke Nnaji,2020.0
1641936,Miles Norris,
1629669,Jaylen Nowell,2019.0
203994,Jusuf Nurkić,2014.0
1626220,Royce O'Neale,
1626143,Jahlil Okafor,2015.0
1629643,Chuma Okeke,2019.0
1629006,Josh Okogie,2018.0
1630168,Onyeka Okongwu,2020.0
1630171,Isaac Okoro,2020.0
1642439,Quincy Olivari,
203482,Kelly Olynyk,2013.0
1626162,Kelly Oubre Jr.,2015.0
101108,Chris Paul,2005.0
1626166,Cameron Payne,2015.0
203901,Elfrid Payton,2014.0
1627780,Gary Payton II,
1641809,Drew Peterson,
1641763,Julian Phillips,2023.0
1629618,Jalen Pickett,2023.0
1630590,Scotty Pippen Jr.,
1631342,Daeqwon Plowden,
203486,Mason Plumlee,2013.0
1641764,Brandin Podziemski,2023.0
1627751,Jakob Poeltl,2016.0
1629673,Jordan Poole,2019.0
1641854,Craig Porter Jr.,
1629645,Kevin Porter Jr.,2019.0
1629008,Michael Porter Jr.,2018.0
1626171,Bobby Portis,2015.0
204001,Kristaps Porziņģis,2015.0
1642366,Quinten Post,2024.0
1630695,Micah Potter,
203939,Dwight Powell,2014.0
1626181,Norman Powell,2015.0
1627752,Taurean Prince,2016.0
1630202,Payton Pritchard,2020.0
1641765,Olivier-Maxence Prosper,2023.0
1642389,Zyon Pullin,
1630243,Trevelin Queen,
1629674,Neemias Queta,2021.0
1630193,Immanuel Quickley,2020.0
1631311,Lester Quinones,
203944,Julius Randle,2014.0
1641871,Duop Reath,
1630559,Austin Reaves,
1629629,Cam Reddish,2019.0
1630194,Paul Reed,2020.0
1642024,Alex Reese,
1641810,Antonio Reeves,2024.0
1629675,Naz Reid,
1631197,Jared Rhoden,
1630208,Nick Richards,2020.0
1626196,Josh Richardson,2015.0
1642258,Zaccharie Risacher,2024.0
1641857,Liam Robbins,
1629130,Duncan Robinson,
1629011,Mitchell Robinson,2018.0
1631115,Orlando Robinson,
1630526,Jeremiah Robinson-Earl,2021.0
1631223,David Roddy,2022.0
1631157,Ryan Rollins,2022.0
1642050,Jackson Rowe,
1626179,Terry Rozier,2015.0
1641712,Rayan Rupert,2023.0
1626156,D'Angelo Russell,2015.0
1630346,Matt Ryan,
1627734,Domantas Sabonis,2016.0
1642275,Tidjane Salaün,2024.0
1641766,Adama Sanogo,
1630611,Gui Santos,2022.0
1642259,Alex Sarr,2024.0
1631204,Marcus Sasser,2023.0
1631248,Baylor Scheierman,2024.0
203471,Dennis Schröder,2013.0
1630578,Alperen Sengun,2021.0
1641729,Brice Sensabaugh,2023.0
1629012,Collin Sexton,2018.0
1629013,Landry Shamet,2018.0
1630545,Terrence Shannon Jr.,2024.0
1630549,Day'Ron Sharpe,2021.0
1631101,Shaedon Sharpe,2022.0
1642347,Jamal Shead,2024.0
1641767,Ben Sheppard,2023.0
1642263,Reed Sheppard,2024.0
1627783,Pascal Siakam,2016.0
1627732,Ben Simmons,2016.0
1629014,Anfernee Simons,2018.0
1642354,KJ Simpson,2024.0
1631301,Jaylen Sims,
1630579,Jericho Sims,2021.0
203935,Marcus Smart,2014.0
1630696,Dru Smith,
1630188,Jalen Smith,2020.0
1642449,Tolu Smith,
1641890,Tyler Smith,2024.0
1631095,Jabari Smith Jr.,2022.0
1641733,Nick Smith Jr.,2023.0
1631110,Jeremy Sochan,2022.0
1642285,Cam Spencer,2024.0
1630311,Pat Spencer,
1630531,Jaden Springer,2021.0
1641815,Isaiah Stevens,
1630205,Lamar Stevens,
1630191,Isaiah Stewart,2020.0
1631124,Julian Strawther,2023.0
1629622,Max Strus,
1630591,Jalen Suggs,2021.0
1631306,Cole Swider,
1630256,Jae'Sean Tate,
1628369,Jayson Tatum,2017.0
1630678,Terry Taylor,
202066,Garrett Temple,
1631207,Dalen Terry,2022.0
1628464,Daniel Theis,
1630560,Cam Thomas,2021.0
1641708,Amen Thompson,2023.0
1641709,Ausar Thompson,2023.0
202691,Klay Thompson,2011.0
202684,Tristan Thompson,2011.0
1630550,JT Thor,2021.0
1629680,Matisse Thybulle,2019.0
1630214,Xavier Tillman,2020.0
1631166,Drew Timme,
1641772,Nae'Qwan Tomlin,
1631210,Jacob Toppin,
1630167,Obi Toppin,2020.0
1626157,Karl-Anthony Towns,2015.0
1642422,Armel Traore,
1631247,Luke Travers,2022.0
1629018,Gary Trent Jr.,2018.0
1631131,Oscar Tshiebwe,
200782,P.J. Tucker,2006.0
1626167,Myles Turner,2015.0
1641816,Hunter Tyson,2023.0
1642281,Jaylon Tyson,2024.0
1630649,Stanley Umude,
202685,Jonas Valančiūnas,2011.0
1627832,Fred VanVleet,
1629020,Jarred Vanderbilt,2018.0
1630170,Devin Vassell,2020.0
1629216,Gabe Vincent,
1641774,Tristan Vukcevic,2023.0
202696,Nikola Vučević,2011.0
1629731,Dean Wade,
1630532,Franz Wagner,2021.0
1629021,Moritz Wagner,2018.0
1631133,Jabari Walker,2022.0
1641716,Jarace Walker,2023.0
1629022,Lonnie Walker IV,2018.0
1641717,Cason Wallace,2023.0
1630811,Keaton Wallace,
1641775,Jordan Walsh,2023.0
1642266,Ja'Kobe Walter,2024.0
1642276,Kel'el Ware,2024.0
1629023,P.J. Washington,2019.0
1631102,TyTy Washington Jr.,2022.0
1630322,Lindy Waters III,
1630570,Trendon Watford,
1641817,Anton Watson,2024.0
1631212,Peyton Watson,2022.0
1642377,Jaylen Wells,2024.0
1641705,Victor Wembanyama,2023.0
1631104,Blake Wesley,2022.0
201566,Russell Westbrook,2008.0
1630762,Phillip Wheeler,
1629632,Coby White,2019.0
1628401,Derrick White,2017.0
1641727,Dariq Whitehead,2023.0
1641715,Cam Whitmore,2023.0
1630598,Aaron Wiggins,2021.0
203952,Andrew Wiggins,2014.0
1631214,Alondes Williams,
1630314,Brandon Williams,
1642262,Cody Williams,2024.0
1629684,Grant Williams,2019.0
1631114,Jalen Williams,2022.0
1631119,Jaylin Williams,2022.0
1629026,Kenrich Williams,
1631109,Mark Williams,2022.0
1631466,Nate Williams,
1630172,Patrick Williams,2020.0
1630533,Ziaire Williams,2021.0
1629057,Robert Williams III,2018.0
1631246,Vince Williams Jr.,2022.0
1629627,Zion Williamson,2019.0
1630592,Jalen Wilson,2023.0
1630164,James Wiseman,2020.0
1631209,Isaiah Wong,2023.0
1626153,Delon Wright,2015.0
1627824,Guerschon Yabusele,2016.0
1642385,Cui Yongxi,
1642443,Jahmir Young,
1629027,Trae Young,2018.0
1627826,Ivica Zubac,2016.0
1641783,Tristan da Silva,2024.0
1628427,Vlatko Čančar,2017.0
203967,Dario Šarić,2014.0
